slice,feature,negatives,auroc,ci_lo,ci_hi,n_queries
all,rank_instability,vs_all_clean,0.12201149425287357,0.0757890625,0.17005115819833183,50
all,rank_instability,vs_clean_gold,0.24074468085106382,0.1730904255319149,0.3194990942028985,50
all,retriever_disagreement,vs_all_clean,0.052873563218390804,0.040529035254269076,0.06651796187683284,50
all,retriever_disagreement,vs_clean_gold,0.22787234042553192,0.1807319972826087,0.2780340579710145,50
all,unsupported,vs_all_clean,0.9349281609195402,0.877397288245145,0.975258315629742,50
all,unsupported,vs_clean_gold,0.9663829787234043,0.9294148936170212,0.9905322580645161,50
all,claim_conflict,vs_all_clean,0.5,0.5,0.5,50
all,claim_conflict,vs_clean_gold,0.5,0.5,0.5,50
all,suspicion,vs_all_clean,0.10107758620689655,0.07308237735572937,0.14057082987283337,50
all,suspicion,vs_clean_gold,0.373936170212766,0.302741416827853,0.4461562160202972,50
all,rank_score_q0,vs_all_clean,0.9808620689655172,0.9656854000597794,0.992236815953566,50
all,rank_score_q0,vs_clean_gold,0.8863829787234042,0.8276868008335161,0.9416770833333333,50
n_poison=1,rank_instability,vs_all_clean,0.12201149425287357,0.07490368316543976,0.1770996511451539,50
n_poison=1,rank_instability,vs_clean_gold,0.24074468085106382,0.16235381030701754,0.32130539772727273,50
n_poison=1,retriever_disagreement,vs_all_clean,0.052873563218390804,0.040249194689114434,0.06541070436904436,50
n_poison=1,retriever_disagreement,vs_clean_gold,0.22787234042553192,0.18607594086021506,0.27766893039049234,50
n_poison=1,unsupported,vs_all_clean,0.9349281609195402,0.8852206624625271,0.9752153571428571,50
n_poison=1,unsupported,vs_clean_gold,0.9663829787234043,0.9303089330024814,0.9899760084219857,50
n_poison=1,claim_conflict,vs_all_clean,0.5,0.5,0.5,50
n_poison=1,claim_conflict,vs_clean_gold,0.5,0.5,0.5,50
n_poison=1,suspicion,vs_all_clean,0.10107758620689655,0.07209126534791385,0.1313614692773002,50
n_poison=1,suspicion,vs_clean_gold,0.373936170212766,0.30246010638297877,0.4445418145519076,50
n_poison=1,rank_score_q0,vs_all_clean,0.9808620689655172,0.9648650769629886,0.991363949067706,50
n_poison=1,rank_score_q0,vs_clean_gold,0.8863829787234042,0.8234912374020157,0.9404883321894303,50
